{
    "EmitterParam2": {
        "count": 1,
        "frequency": 0.10000000149011612,
        "isRandomColor": 0,
        "isVisualize": 1,
        "lifeTime": 1.0,
        "range max": [
            0.5,
            0.5,
            0.5
        ],
        "range min": [
            -0.5,
            -0.5,
            -0.5
        ],
        "scale": [
            0.10000000149011612,
            0.10000000149011612,
            0.10000000149011612
        ],
        "translate": [
            1.0,
            0.0,
            0.0
        ],
        "velocity": [
            0.0,
            1.0,
            0.0
        ]
    }
}
